question,contexts,ground_truth
What is the name of the proposed sequence transduction model that replaces complex recurrent or convolutional neural networks with a simple network architecture based solely on attention mechanisms?,"['Provided proper attribution is provided, Google hereby grants permission to\nreproduce the tables and figures in this paper solely for use in journalistic or\nscholarly works.\nAttention Is All You Need\nAshish Vaswani∗\nGoogle Brain\navaswani@google.com\nNoam Shazeer∗\nGoogle Brain\nnoam@google.com\nNiki Parmar∗\nGoogle Research\nnikip@google.com\nJakob Uszkoreit∗\nGoogle Research\nusz@google.com\nLlion Jones∗\nGoogle Research\nllion@google.com\nAidan N. Gomez∗ †\nUniversity of Toronto\naidan@cs.toronto.edu\nŁukasz Kaiser ∗\nGoogle Brain\nlukaszkaiser@google.com\nIllia Polosukhin∗ ‡\nillia.polosukhin@gmail.com\nAbstract\nThe dominant sequence transduction models are based on complex recurrent or\nconvolutional neural networks that include an encoder and a decoder. The best\nperforming models also connect the encoder and decoder through an attention\nmechanism. We propose a new simple network architecture, the Transformer,\nbased solely on attention mechanisms, dispensing with recurrence and convolutions']",Transformer
What is the specific attention mechanism used in the model that achieves a new single-model state-of-the-art BLEU score of 41.8 on the WMT 2014 English-to-French translation task?,"['based solely on attention mechanisms, dispensing with recurrence and convolutions\nentirely. Experiments on two machine translation tasks show these models to\nbe superior in quality while being more parallelizable and requiring significantly\nless time to train. Our model achieves 28.4 BLEU on the WMT 2014 English-\nto-German translation task, improving over the existing best results, including\nensembles, by over 2 BLEU. On the WMT 2014 English-to-French translation task,\nour model establishes a new single-model state-of-the-art BLEU score of 41.8 after\ntraining for 3.5 days on eight GPUs, a small fraction of the training costs of the\nbest models from the literature. We show that the Transformer generalizes well to\nother tasks by applying it successfully to English constituency parsing both with\nlarge and limited training data.\n∗Equal contribution. Listing order is random. Jakob proposed replacing RNNs with self-attention and started']",Self-attention.
Who designed and implemented the initial codebase for tensor2tensor?,"['the effort to evaluate this idea. Ashish, with Illia, designed and implemented the first Transformer models and\nhas been crucially involved in every aspect of this work. Noam proposed scaled dot-product attention, multi-head\nattention and the parameter-free position representation and became the other person involved in nearly every\ndetail. Niki designed, implemented, tuned and evaluated countless model variants in our original codebase and\ntensor2tensor. Llion also experimented with novel model variants, was responsible for our initial codebase, and\nefficient inference and visualizations. Lukasz and Aidan spent countless long days designing various parts of and\nimplementing tensor2tensor, replacing our earlier codebase, greatly improving results and massively accelerating\nour research.\n†Work performed while at Google Brain.\n‡Work performed while at Google Research.\n31st Conference on Neural Information Processing Systems (NIPS 2017), Long Beach, CA, USA.']",Llion.
What is a limitation of recurrent neural networks in terms of parallelization during training?,"['1 Introduction\nRecurrent neural networks, long short-term memory [13] and gated recurrent [7] neural networks\nin particular, have been firmly established as state of the art approaches in sequence modeling and\ntransduction problems such as language modeling and machine translation [ 35, 2, 5]. Numerous\nefforts have since continued to push the boundaries of recurrent language models and encoder-decoder\narchitectures [38, 24, 15].\nRecurrent models typically factor computation along the symbol positions of the input and output\nsequences. Aligning the positions to steps in computation time, they generate a sequence of hidden\nstates ht, as a function of the previous hidden state ht−1 and the input for position t. This inherently\nsequential nature precludes parallelization within training examples, which becomes critical at longer\nsequence lengths, as memory constraints limit batching across examples. Recent work has achieved']",The sequential nature of recurrent neural networks precludes parallelization within training examples.
What is the primary limitation that prevents attention mechanisms from being used alone to model sequences?,"['sequence lengths, as memory constraints limit batching across examples. Recent work has achieved\nsignificant improvements in computational efficiency through factorization tricks [21] and conditional\ncomputation [32], while also improving model performance in case of the latter. The fundamental\nconstraint of sequential computation, however, remains.\nAttention mechanisms have become an integral part of compelling sequence modeling and transduc-\ntion models in various tasks, allowing modeling of dependencies without regard to their distance in\nthe input or output sequences [2, 19]. In all but a few cases [27], however, such attention mechanisms\nare used in conjunction with a recurrent network.\nIn this work we propose the Transformer, a model architecture eschewing recurrence and instead\nrelying entirely on an attention mechanism to draw global dependencies between input and output.\nThe Transformer allows for significantly more parallelization and can reach a new state of the art in']",The fundamental constraint of sequential computation.
What type of attention mechanism is used in end-to-end memory networks?,"['described in section 3.2.\nSelf-attention, sometimes called intra-attention is an attention mechanism relating different positions\nof a single sequence in order to compute a representation of the sequence. Self-attention has been\nused successfully in a variety of tasks including reading comprehension, abstractive summarization,\ntextual entailment and learning task-independent sentence representations [4, 27, 28, 22].\nEnd-to-end memory networks are based on a recurrent attention mechanism instead of sequence-\naligned recurrence and have been shown to perform well on simple-language question answering and\nlanguage modeling tasks [34].\nTo the best of our knowledge, however, the Transformer is the first transduction model relying\nentirely on self-attention to compute representations of its input and output without using sequence-\naligned RNNs or convolution. In the following sections, we will describe the Transformer, motivate']",Recurrent attention mechanism.
What type of neural network architecture is commonly used in competitive neural sequence transduction models?,"['aligned RNNs or convolution. In the following sections, we will describe the Transformer, motivate\nself-attention and discuss its advantages over models such as [17, 18] and [9].\n3 Model Architecture\nMost competitive neural sequence transduction models have an encoder-decoder structure [5, 2, 35].\nHere, the encoder maps an input sequence of symbol representations (x1, ..., xn) to a sequence\nof continuous representations z = ( z1, ..., zn). Given z, the decoder then generates an output\nsequence (y1, ..., ym) of symbols one element at a time. At each step the model is auto-regressive\n[10], consuming the previously generated symbols as additional input when generating the next.\n2']",Encoder-decoder structure.
What is the number of identical layers in the Transformer's encoder stack?,"['Figure 1: The Transformer - model architecture.\nThe Transformer follows this overall architecture using stacked self-attention and point-wise, fully\nconnected layers for both the encoder and decoder, shown in the left and right halves of Figure 1,\nrespectively.\n3.1 Encoder and Decoder Stacks\nEncoder: The encoder is composed of a stack of N = 6 identical layers. Each layer has two\nsub-layers. The first is a multi-head self-attention mechanism, and the second is a simple, position-\nwise fully connected feed-forward network. We employ a residual connection [11] around each of\nthe two sub-layers, followed by layer normalization [ 1]. That is, the output of each sub-layer is\nLayerNorm(x + Sublayer(x)), where Sublayer(x) is the function implemented by the sub-layer\nitself. To facilitate these residual connections, all sub-layers in the model, as well as the embedding\nlayers, produce outputs of dimension dmodel = 512.']",6
What is the scaling factor used in dot-product attention to mitigate the growth of large magnitudes in the dot product for large values of dk?,"['the matrix of outputs as:\nAttention(Q, K, V ) = softmax( QK T\n√dk\n)V (1)\nThe two most commonly used attention functions are additive attention [2], and dot-product (multi-\nplicative) attention. Dot-product attention is identical to our algorithm, except for the scaling factor\nof 1√dk\n. Additive attention computes the compatibility function using a feed-forward network with\na single hidden layer. While the two are similar in theoretical complexity, dot-product attention is\nmuch faster and more space-efficient in practice, since it can be implemented using highly optimized\nmatrix multiplication code.\nWhile for small values of dk the two mechanisms perform similarly, additive attention outperforms\ndot product attention without scaling for larger values of dk [3]. We suspect that for large values of\ndk, the dot products grow large in magnitude, pushing the softmax function into regions where it has\nextremely small gradients 4. To counteract this effect, we scale the dot products by 1√dk\n.']",1/√dk
What is the scaling factor applied to dot products in extremely small gradients?,"['extremely small gradients 4. To counteract this effect, we scale the dot products by 1√dk\n.\n3.2.2 Multi-Head Attention\nInstead of performing a single attention function with dmodel-dimensional keys, values and queries,\nwe found it beneficial to linearly project the queries, keys and values h times with different, learned\nlinear projections to dk, dk and dv dimensions, respectively. On each of these projected versions of\nqueries, keys and values we then perform the attention function in parallel, yielding dv-dimensional\n4To illustrate why the dot products get large, assume that the components of q and k are independent random\nvariables with mean 0 and variance 1. Then their dot product, q · k = Pdk\ni=1 qiki, has mean 0 and variance dk.\n4']",√dk
"What is the value of h (number of heads) and dk (dimensionality of each head) in the multi-head attention mechanism, given that dmodel/h = 64?","['output values. These are concatenated and once again projected, resulting in the final values, as\ndepicted in Figure 2.\nMulti-head attention allows the model to jointly attend to information from different representation\nsubspaces at different positions. With a single attention head, averaging inhibits this.\nMultiHead(Q, K, V ) = Concat(head 1, ..., headh)W O\nwhere headi = Attention(QW Q\ni , KW K\ni , V W V\ni )\nWhere the projections are parameter matricesW Q\ni ∈ Rdmodel×dk, W K\ni ∈ Rdmodel×dk, W V\ni ∈ Rdmodel×dv\nand W O ∈ Rhdv×dmodel.\nIn this work we employ h = 8 parallel attention layers, or heads. For each of these we use\ndk = dv = dmodel/h = 64. Due to the reduced dimension of each head, the total computational cost\nis similar to that of single-head attention with full dimensionality.\n3.2.3 Applications of Attention in our Model\nThe Transformer uses multi-head attention in three different ways:\n• In ""encoder-decoder attention"" layers, the queries come from the previous decoder layer,']",h = 8 and dk = 64.
What is the kernel size of the two linear transformations in a fully connected feed-forward network (FFN) that are applied to each position separately and identically?,"['information flow in the decoder to preserve the auto-regressive property. We implement this\ninside of scaled dot-product attention by masking out (setting to −∞) all values in the input\nof the softmax which correspond to illegal connections. See Figure 2.\n3.3 Position-wise Feed-Forward Networks\nIn addition to attention sub-layers, each of the layers in our encoder and decoder contains a fully\nconnected feed-forward network, which is applied to each position separately and identically. This\nconsists of two linear transformations with a ReLU activation in between.\nFFN(x) = max(0 , xW1 + b1)W2 + b2 (2)\nWhile the linear transformations are the same across different positions, they use different parameters\nfrom layer to layer. Another way of describing this is as two convolutions with kernel size 1.\nThe dimensionality of input and output is dmodel = 512 , and the inner-layer has dimensionality\ndf f = 2048.\n3.4 Embeddings and Softmax']",1
What is the value of dmodel that is multiplied by √ in the embedding layers?,"['df f = 2048.\n3.4 Embeddings and Softmax\nSimilarly to other sequence transduction models, we use learned embeddings to convert the input\ntokens and output tokens to vectors of dimension dmodel. We also use the usual learned linear transfor-\nmation and softmax function to convert the decoder output to predicted next-token probabilities. In\nour model, we share the same weight matrix between the two embedding layers and the pre-softmax\nlinear transformation, similar to [30]. In the embedding layers, we multiply those weights by √dmodel.\n5']",2048
What is the complexity per layer for the restricted self-attention mechanism in terms of the neighborhood size (r) and sequence length (n)?,"['Table 1: Maximum path lengths, per-layer complexity and minimum number of sequential operations\nfor different layer types. n is the sequence length, d is the representation dimension, k is the kernel\nsize of convolutions and r the size of the neighborhood in restricted self-attention.\nLayer Type Complexity per Layer Sequential Maximum Path Length\nOperations\nSelf-Attention O(n2 · d) O(1) O(1)\nRecurrent O(n · d2) O(n) O(n)\nConvolutional O(k · n · d2) O(1) O(logk(n))\nSelf-Attention (restricted) O(r · n · d) O(1) O(n/r)\n3.5 Positional Encoding\nSince our model contains no recurrence and no convolution, in order for the model to make use of the\norder of the sequence, we must inject some information about the relative or absolute position of the\ntokens in the sequence. To this end, we add ""positional encodings"" to the input embeddings at the\nbottoms of the encoder and decoder stacks. The positional encodings have the same dimension dmodel']",O(r · n · d)
What is the formula used to calculate the sine and cosine components of the positional encoding in the encoder and decoder stacks?,"['bottoms of the encoder and decoder stacks. The positional encodings have the same dimension dmodel\nas the embeddings, so that the two can be summed. There are many choices of positional encodings,\nlearned and fixed [9].\nIn this work, we use sine and cosine functions of different frequencies:\nP E(pos,2i) = sin(pos/100002i/dmodel)\nP E(pos,2i+1) = cos(pos/100002i/dmodel)\nwhere pos is the position and i is the dimension. That is, each dimension of the positional encoding\ncorresponds to a sinusoid. The wavelengths form a geometric progression from 2π to 10000 · 2π. We\nchose this function because we hypothesized it would allow the model to easily learn to attend by\nrelative positions, since for any fixed offset k, P Epos+k can be represented as a linear function of\nP Epos.\nWe also experimented with using learned positional embeddings [9] instead, and found that the two\nversions produced nearly identical results (see Table 3 row (E)). We chose the sinusoidal version']","P E(pos,2i) = sin(pos/100002i/dmodel), P E(pos,2i+1) = cos(pos/100002i/dmodel)"
What is the relationship between the length of paths forward and backward signals in a network and its ability to learn long-range dependencies?,"['The third is the path length between long-range dependencies in the network. Learning long-range\ndependencies is a key challenge in many sequence transduction tasks. One key factor affecting the\nability to learn such dependencies is the length of the paths forward and backward signals have to\ntraverse in the network. The shorter these paths between any combination of positions in the input\nand output sequences, the easier it is to learn long-range dependencies [12]. Hence we also compare\nthe maximum path length between any two input and output positions in networks composed of the\ndifferent layer types.\nAs noted in Table 1, a self-attention layer connects all positions with a constant number of sequentially\nexecuted operations, whereas a recurrent layer requires O(n) sequential operations. In terms of\ncomputational complexity, self-attention layers are faster than recurrent layers when the sequence\n6']","The shorter these paths, the easier it is to learn long-range dependencies."
What is the maximum path length between any two positions in a neural network that uses a stack of O(n/k) convolutional layers with contiguous kernels?,"['length n is smaller than the representation dimensionality d, which is most often the case with\nsentence representations used by state-of-the-art models in machine translations, such as word-piece\n[38] and byte-pair [31] representations. To improve computational performance for tasks involving\nvery long sequences, self-attention could be restricted to considering only a neighborhood of size r in\nthe input sequence centered around the respective output position. This would increase the maximum\npath length to O(n/r). We plan to investigate this approach further in future work.\nA single convolutional layer with kernel width k < n does not connect all pairs of input and output\npositions. Doing so requires a stack of O(n/k) convolutional layers in the case of contiguous kernels,\nor O(logk(n)) in the case of dilated convolutions [ 18], increasing the length of the longest paths\nbetween any two positions in the network. Convolutional layers are generally more expensive than']",O(logk(n))
"What is the complexity of a separable convolution, even when k = n?","['between any two positions in the network. Convolutional layers are generally more expensive than\nrecurrent layers, by a factor of k. Separable convolutions [ 6], however, decrease the complexity\nconsiderably, to O(k · n · d + n · d2). Even with k = n, however, the complexity of a separable\nconvolution is equal to the combination of a self-attention layer and a point-wise feed-forward layer,\nthe approach we take in our model.\nAs side benefit, self-attention could yield more interpretable models. We inspect attention distributions\nfrom our models and present and discuss examples in the appendix. Not only do individual attention\nheads clearly learn to perform different tasks, many appear to exhibit behavior related to the syntactic\nand semantic structure of the sentences.\n5 Training\nThis section describes the training regime for our models.\n5.1 Training Data and Batching\nWe trained on the standard WMT 2014 English-German dataset consisting of about 4.5 million']",O(k · n · d + n · d2)
What is the approximate number of source tokens in each training batch for the base model?,"['We trained on the standard WMT 2014 English-German dataset consisting of about 4.5 million\nsentence pairs. Sentences were encoded using byte-pair encoding [ 3], which has a shared source-\ntarget vocabulary of about 37000 tokens. For English-French, we used the significantly larger WMT\n2014 English-French dataset consisting of 36M sentences and split tokens into a 32000 word-piece\nvocabulary [38]. Sentence pairs were batched together by approximate sequence length. Each training\nbatch contained a set of sentence pairs containing approximately 25000 source tokens and 25000\ntarget tokens.\n5.2 Hardware and Schedule\nWe trained our models on one machine with 8 NVIDIA P100 GPUs. For our base models using\nthe hyperparameters described throughout the paper, each training step took about 0.4 seconds. We\ntrained the base models for a total of 100,000 steps or 12 hours. For our big models,(described on the']",25000
What is the value of warmup_steps used in the learning rate formula?,"['bottom line of table 3), step time was 1.0 seconds. The big models were trained for 300,000 steps\n(3.5 days).\n5.3 Optimizer\nWe used the Adam optimizer [20] with β1 = 0.9, β2 = 0.98 and ϵ = 10 −9. We varied the learning\nrate over the course of training, according to the formula:\nlrate = d−0.5\nmodel · min(step_num−0.5, step_num · warmup_steps−1.5) (3)\nThis corresponds to increasing the learning rate linearly for the first warmup_steps training steps,\nand decreasing it thereafter proportionally to the inverse square root of the step number. We used\nwarmup_steps = 4000.\n5.4 Regularization\nWe employ three types of regularization during training:\n7']",4000
What is the training cost (FLOPs) for the Transformer (big) model on the English-to-French newstest2014 test?,"['Table 2: The Transformer achieves better BLEU scores than previous state-of-the-art models on the\nEnglish-to-German and English-to-French newstest2014 tests at a fraction of the training cost.\nModel\nBLEU Training Cost (FLOPs)\nEN-DE EN-FR EN-DE EN-FR\nByteNet [18] 23.75\nDeep-Att + PosUnk [39] 39.2 1.0 · 1020\nGNMT + RL [38] 24.6 39.92 2.3 · 1019 1.4 · 1020\nConvS2S [9] 25.16 40.46 9.6 · 1018 1.5 · 1020\nMoE [32] 26.03 40.56 2.0 · 1019 1.2 · 1020\nDeep-Att + PosUnk Ensemble [39] 40.4 8.0 · 1020\nGNMT + RL Ensemble [38] 26.30 41.16 1.8 · 1020 1.1 · 1021\nConvS2S Ensemble [9] 26.36 41.29 7.7 · 1019 1.2 · 1021\nTransformer (base model) 27.3 38.1 3.3 · 1018\nTransformer (big) 28.4 41.8 2.3 · 1019\nResidual Dropout We apply dropout [33] to the output of each sub-layer, before it is added to the\nsub-layer input and normalized. In addition, we apply dropout to the sums of the embeddings and the\npositional encodings in both the encoder and decoder stacks. For the base model, we use a rate of\nPdrop = 0.1.']",28.4
"What is the value of ϵls (label smoothing) used in the model's training, as indicated by the context?","['Pdrop = 0.1.\nLabel Smoothing During training, we employed label smoothing of value ϵls = 0 .1 [36]. This\nhurts perplexity, as the model learns to be more unsure, but improves accuracy and BLEU score.\n6 Results\n6.1 Machine Translation\nOn the WMT 2014 English-to-German translation task, the big transformer model (Transformer (big)\nin Table 2) outperforms the best previously reported models (including ensembles) by more than 2.0\nBLEU, establishing a new state-of-the-art BLEU score of 28.4. The configuration of this model is\nlisted in the bottom line of Table 3. Training took 3.5 days on 8 P100 GPUs. Even our base model\nsurpasses all previously published models and ensembles, at a fraction of the training cost of any of\nthe competitive models.\nOn the WMT 2014 English-to-French translation task, our big model achieves a BLEU score of 41.0,\noutperforming all of the previously published single models, at less than 1/4 the training cost of the']",0.1
What was the difference in dropout rate used for the big Transformer model compared to other models?,"['previous state-of-the-art model. The Transformer (big) model trained for English-to-French used\ndropout rate Pdrop = 0.1, instead of 0.3.\nFor the base models, we used a single model obtained by averaging the last 5 checkpoints, which\nwere written at 10-minute intervals. For the big models, we averaged the last 20 checkpoints. We\nused beam search with a beam size of 4 and length penalty α = 0 .6 [38]. These hyperparameters\nwere chosen after experimentation on the development set. We set the maximum output length during\ninference to input length + 50, but terminate early when possible [38].\nTable 2 summarizes our results and compares our translation quality and training costs to other model\narchitectures from the literature. We estimate the number of floating point operations used to train a\nmodel by multiplying the training time, the number of GPUs used, and an estimate of the sustained\nsingle-precision floating-point capacity of each GPU 5.\n6.2 Model Variations']",0.1
What is the single-precision floating-point capacity of a P100 GPU?,"['single-precision floating-point capacity of each GPU 5.\n6.2 Model Variations\nTo evaluate the importance of different components of the Transformer, we varied our base model\nin different ways, measuring the change in performance on English-to-German translation on the\n5We used values of 2.8, 3.7, 6.0 and 9.5 TFLOPS for K80, K40, M40 and P100, respectively.\n8']",9.5 TFLOPS
What is the perplexity of the 4096 d model with sinusoids for positional embedding?,"['Table 3: Variations on the Transformer architecture. Unlisted values are identical to those of the base\nmodel. All metrics are on the English-to-German translation development set, newstest2013. Listed\nperplexities are per-wordpiece, according to our byte-pair encoding, and should not be compared to\nper-word perplexities.\nN d model dff h d k dv Pdrop ϵls\ntrain PPL BLEU params\nsteps (dev) (dev) ×106\nbase 6 512 2048 8 64 64 0.1 0.1 100K 4.92 25.8 65\n(A)\n1 512 512 5.29 24.9\n4 128 128 5.00 25.5\n16 32 32 4.91 25.8\n32 16 16 5.01 25.4\n(B) 16 5.16 25.1 58\n32 5.01 25.4 60\n(C)\n2 6.11 23.7 36\n4 5.19 25.3 50\n8 4.88 25.5 80\n256 32 32 5.75 24.5 28\n1024 128 128 4.66 26.0 168\n1024 5.12 25.4 53\n4096 4.75 26.2 90\n(D)\n0.0 5.77 24.6\n0.2 4.95 25.5\n0.0 4.67 25.3\n0.2 5.47 25.7\n(E) positional embedding instead of sinusoids 4.92 25.7\nbig 6 1024 4096 16 0.3 300K 4.33 26.4 213\ndevelopment set, newstest2013. We used beam search as described in the previous section, but no']",4.75
"What is the effect of increasing the number of attention heads on the BLEU score, according to the results in Table 3 row (A)?","['development set, newstest2013. We used beam search as described in the previous section, but no\ncheckpoint averaging. We present these results in Table 3.\nIn Table 3 rows (A), we vary the number of attention heads and the attention key and value dimensions,\nkeeping the amount of computation constant, as described in Section 3.2.2. While single-head\nattention is 0.9 BLEU worse than the best setting, quality also drops off with too many heads.\nIn Table 3 rows (B), we observe that reducing the attention key size dk hurts model quality. This\nsuggests that determining compatibility is not easy and that a more sophisticated compatibility\nfunction than dot product may be beneficial. We further observe in rows (C) and (D) that, as expected,\nbigger models are better, and dropout is very helpful in avoiding over-fitting. In row (E) we replace our\nsinusoidal positional encoding with learned positional embeddings [9], and observe nearly identical\nresults to the base model.']",The BLEU score drops off with too many heads.
What was the vocabulary size used for training the Transformer model in the semi-supervised setting on the Penn Treebank?,"['results to the base model.\n6.3 English Constituency Parsing\nTo evaluate if the Transformer can generalize to other tasks we performed experiments on English\nconstituency parsing. This task presents specific challenges: the output is subject to strong structural\nconstraints and is significantly longer than the input. Furthermore, RNN sequence-to-sequence\nmodels have not been able to attain state-of-the-art results in small-data regimes [37].\nWe trained a 4-layer transformer with dmodel = 1024 on the Wall Street Journal (WSJ) portion of the\nPenn Treebank [25], about 40K training sentences. We also trained it in a semi-supervised setting,\nusing the larger high-confidence and BerkleyParser corpora from with approximately 17M sentences\n[37]. We used a vocabulary of 16K tokens for the WSJ only setting and a vocabulary of 32K tokens\nfor the semi-supervised setting.\nWe performed only a small number of experiments to select the dropout, both attention and residual']",32K tokens.
What specific parameter was not changed during experiments to select the best configuration for the English-to-German base translation model?,"['We performed only a small number of experiments to select the dropout, both attention and residual\n(section 5.4), learning rates and beam size on the Section 22 development set, all other parameters\nremained unchanged from the English-to-German base translation model. During inference, we\n9']",All other parameters.
What was the maximum output length increased to in the experiment where the Transformer generalization results are reported?,"['Table 4: The Transformer generalizes well to English constituency parsing (Results are on Section 23\nof WSJ)\nParser Training WSJ 23 F1\nVinyals & Kaiser el al. (2014) [37] WSJ only, discriminative 88.3\nPetrov et al. (2006) [29] WSJ only, discriminative 90.4\nZhu et al. (2013) [40] WSJ only, discriminative 90.4\nDyer et al. (2016) [8] WSJ only, discriminative 91.7\nTransformer (4 layers) WSJ only, discriminative 91.3\nZhu et al. (2013) [40] semi-supervised 91.3\nHuang & Harper (2009) [14] semi-supervised 91.3\nMcClosky et al. (2006) [26] semi-supervised 92.1\nVinyals & Kaiser el al. (2014) [37] semi-supervised 92.1\nTransformer (4 layers) semi-supervised 92.7\nLuong et al. (2015) [23] multi-task 93.0\nDyer et al. (2016) [8] generative 93.3\nincreased the maximum output length to input length + 300. We used a beam size of 21 and α = 0.3\nfor both WSJ only and the semi-supervised setting.\nOur results in Table 4 show that despite the lack of task-specific tuning our model performs sur-']",input length + 300.
"What type of neural network architecture was used in the Transformer model, replacing recurrent layers most commonly used in encoder-decoder architectures?","['Our results in Table 4 show that despite the lack of task-specific tuning our model performs sur-\nprisingly well, yielding better results than all previously reported models with the exception of the\nRecurrent Neural Network Grammar [8].\nIn contrast to RNN sequence-to-sequence models [37], the Transformer outperforms the Berkeley-\nParser [29] even when training only on the WSJ training set of 40K sentences.\n7 Conclusion\nIn this work, we presented the Transformer, the first sequence transduction model based entirely on\nattention, replacing the recurrent layers most commonly used in encoder-decoder architectures with\nmulti-headed self-attention.\nFor translation tasks, the Transformer can be trained significantly faster than architectures based\non recurrent or convolutional layers. On both WMT 2014 English-to-German and WMT 2014\nEnglish-to-French translation tasks, we achieve a new state of the art. In the former task our best\nmodel outperforms even all previously reported ensembles.']",The Transformer model is based entirely on attention.
"What is the name of the author who published ""Generating sequences with recurrent neural networks"" in 2013?","['[5] Kyunghyun Cho, Bart van Merrienboer, Caglar Gulcehre, Fethi Bougares, Holger Schwenk,\nand Yoshua Bengio. Learning phrase representations using rnn encoder-decoder for statistical\nmachine translation. CoRR, abs/1406.1078, 2014.\n[6] Francois Chollet. Xception: Deep learning with depthwise separable convolutions. arXiv\npreprint arXiv:1610.02357, 2016.\n[7] Junyoung Chung, Çaglar Gülçehre, Kyunghyun Cho, and Yoshua Bengio. Empirical evaluation\nof gated recurrent neural networks on sequence modeling. CoRR, abs/1412.3555, 2014.\n[8] Chris Dyer, Adhiguna Kuncoro, Miguel Ballesteros, and Noah A. Smith. Recurrent neural\nnetwork grammars. In Proc. of NAACL, 2016.\n[9] Jonas Gehring, Michael Auli, David Grangier, Denis Yarats, and Yann N. Dauphin. Convolu-\ntional sequence to sequence learning. arXiv preprint arXiv:1705.03122v2, 2017.\n[10] Alex Graves. Generating sequences with recurrent neural networks. arXiv preprint\narXiv:1308.0850, 2013.']",Alex Graves.
"What is the name of the neural network architecture introduced in the 2016 paper by Kaiming He et al., which uses residual connections to alleviate the vanishing gradient problem in deep neural networks?","['arXiv:1308.0850, 2013.\n[11] Kaiming He, Xiangyu Zhang, Shaoqing Ren, and Jian Sun. Deep residual learning for im-\nage recognition. In Proceedings of the IEEE Conference on Computer Vision and Pattern\nRecognition, pages 770–778, 2016.\n[12] Sepp Hochreiter, Yoshua Bengio, Paolo Frasconi, and Jürgen Schmidhuber. Gradient flow in\nrecurrent nets: the difficulty of learning long-term dependencies, 2001.\n[13] Sepp Hochreiter and Jürgen Schmidhuber. Long short-term memory. Neural computation,\n9(8):1735–1780, 1997.\n[14] Zhongqiang Huang and Mary Harper. Self-training PCFG grammars with latent annotations\nacross languages. In Proceedings of the 2009 Conference on Empirical Methods in Natural\nLanguage Processing, pages 832–841. ACL, August 2009.\n[15] Rafal Jozefowicz, Oriol Vinyals, Mike Schuster, Noam Shazeer, and Yonghui Wu. Exploring\nthe limits of language modeling. arXiv preprint arXiv:1602.02410, 2016.']",Deep Residual Learning.
What is the name of the neural network architecture introduced in paper [32] that uses a mixture-of-experts layer to reduce the computational cost of large models?,"['Computational Linguistics and 44th Annual Meeting of the ACL , pages 433–440. ACL, July\n2006.\n[30] Ofir Press and Lior Wolf. Using the output embedding to improve language models. arXiv\npreprint arXiv:1608.05859, 2016.\n[31] Rico Sennrich, Barry Haddow, and Alexandra Birch. Neural machine translation of rare words\nwith subword units. arXiv preprint arXiv:1508.07909, 2015.\n[32] Noam Shazeer, Azalia Mirhoseini, Krzysztof Maziarz, Andy Davis, Quoc Le, Geoffrey Hinton,\nand Jeff Dean. Outrageously large neural networks: The sparsely-gated mixture-of-experts\nlayer. arXiv preprint arXiv:1701.06538, 2017.\n[33] Nitish Srivastava, Geoffrey E Hinton, Alex Krizhevsky, Ilya Sutskever, and Ruslan Salakhutdi-\nnov. Dropout: a simple way to prevent neural networks from overfitting. Journal of Machine\nLearning Research, 15(1):1929–1958, 2014.\n[34] Sainbayar Sukhbaatar, Arthur Szlam, Jason Weston, and Rob Fergus. End-to-end memory']",Outrageously Large Neural Networks (OLNNS)
"What is the title of the 2015 paper by Vinyals & Kaiser, Koo, Petrov, Sutskever, and Hinton that explores grammar as a foreign language?","['[34] Sainbayar Sukhbaatar, Arthur Szlam, Jason Weston, and Rob Fergus. End-to-end memory\nnetworks. In C. Cortes, N. D. Lawrence, D. D. Lee, M. Sugiyama, and R. Garnett, editors,\nAdvances in Neural Information Processing Systems 28 , pages 2440–2448. Curran Associates,\nInc., 2015.\n[35] Ilya Sutskever, Oriol Vinyals, and Quoc VV Le. Sequence to sequence learning with neural\nnetworks. In Advances in Neural Information Processing Systems , pages 3104–3112, 2014.\n[36] Christian Szegedy, Vincent Vanhoucke, Sergey Ioffe, Jonathon Shlens, and Zbigniew Wojna.\nRethinking the inception architecture for computer vision. CoRR, abs/1512.00567, 2015.\n[37] Vinyals & Kaiser, Koo, Petrov, Sutskever, and Hinton. Grammar as a foreign language. In\nAdvances in Neural Information Processing Systems , 2015.\n[38] Yonghui Wu, Mike Schuster, Zhifeng Chen, Quoc V Le, Mohammad Norouzi, Wolfgang\nMacherey, Maxim Krikun, Yuan Cao, Qin Gao, Klaus Macherey, et al. Google’s neural machine']",Grammar as a Foreign Language.
"What is the name of the researcher who co-authored the paper ""Deep recurrent models with fast-forward connections for neural machine translation"" along with Ying Cao, Xuguang Wang, Peng Li, and Wei Xu?","['Macherey, Maxim Krikun, Yuan Cao, Qin Gao, Klaus Macherey, et al. Google’s neural machine\ntranslation system: Bridging the gap between human and machine translation. arXiv preprint\narXiv:1609.08144, 2016.\n[39] Jie Zhou, Ying Cao, Xuguang Wang, Peng Li, and Wei Xu. Deep recurrent models with\nfast-forward connections for neural machine translation. CoRR, abs/1606.04199, 2016.\n[40] Muhua Zhu, Yue Zhang, Wenliang Chen, Min Zhang, and Jingbo Zhu. Fast and accurate\nshift-reduce constituent parsing. In Proceedings of the 51st Annual Meeting of the ACL (V olume\n1: Long Papers), pages 434–443. ACL, August 2013.\n12']",Jie Zhou
What is the primary effect of passing new laws since 2009 on the registration or voting process in American governments?,"['Attention Visualizations\nInput-Input Layer5\nIt\nis\nin\nthis\nspirit\nthat\na\nmajority\nof\nAmerican\ngovernments\nhave\npassed\nnew\nlaws\nsince\n2009\nmaking\nthe\nregistration\nor\nvoting\nprocess\nmore\ndifficult\n.\n<EOS>\n<pad>\n<pad>\n<pad>\n<pad>\n<pad>\n<pad>\nIt\nis\nin\nthis\nspirit\nthat\na\nmajority\nof\nAmerican\ngovernments\nhave\npassed\nnew\nlaws\nsince\n2009\nmaking\nthe\nregistration\nor\nvoting\nprocess\nmore\ndifficult\n.\n<EOS>\n<pad>\n<pad>\n<pad>\n<pad>\n<pad>\n<pad>\nFigure 3: An example of the attention mechanism following long-distance dependencies in the\nencoder self-attention in layer 5 of 6. Many of the attention heads attend to a distant dependency of\nthe verb ‘making’, completing the phrase ‘making...more difficult’. Attentions here shown only for\nthe word ‘making’. Different colors represent different heads. Best viewed in color.\n13']",More difficult.
"What is the primary benefit of using GEMA in settings with pronounced heterogeneity or size-related bias, according to the study?","['neous technologies and scale bias, and on four\nreal-world case studies: global urban rail sys-\nTransport Strategy Centre, Imperial College London, London,\nSW7 2AZ, United Kingdom. Correspondence to: Jia Ming (Simon)\nLi<jiaming.li@imperial.ac.uk>.\nPreprint. March 18, 2026.\ntems (COMET), British rail operators (ORR), na-\ntional economies (Penn World Table) and a high-\nfrequency wind farm dataset (WF). Across these\ndomains GEMA behaves comparably to estab-\nlished methods when classical assumptions are\napproximately satisfied, and it appears to provide\nadditional insight in settings with pronounced het-\nerogeneity, non-convexity or size-related bias. We\nconclude by outlining how the static framework\nmay be extended to a dynamic latent state-space\n“world model” of complex production systems,\nopening a path towards counterfactual analysis\nand policy design on the learned manifold.\nKeywords:Latent variable models, Deep generative mod-']",GEMA appears to provide additional insight.
"What are the two main families of methods that have been particularly influential in estimating an efficient frontier describing the best attainable outputs for given inputs, according to the context provided?","['and policy design on the learned manifold.\nKeywords:Latent variable models, Deep generative mod-\nels, Manifold learning, Frontier estimation, Efficiency anal-\nysis.\n1. Introduction\nBenchmarking the performance of complex systems is a\nwidely used instrument in governance, regulation and strate-\ngic planning. Urban and national rail networks, renewable\nenergy assets and national economies are routinely com-\npared using efficiency scores derived from frontier methods.\nConceptually, the task is to estimate an efficient frontier\ndescribing the best attainable outputs for given inputs, and\nto quantify how far each decision-making unit (DMU) lies\nfrom this frontier.\nTwo main families of methods have been particularly in-\nfluential in this field. Stochastic Frontier Analysis (SFA)\nspecifies a parametric production function with a composed\nerror term that separates noise and inefficiency (Aigner et al.,\n1977; Meeusen & van Den Broeck, 1977; Greene, 1993;']",Stochastic Frontier Analysis (SFA) and Deep generative models.
What year was the DEA approach first introduced by Charnes et al. in their work on linear programming?,"['1977; Meeusen & van Den Broeck, 1977; Greene, 1993;\nSickles & Zelenyuk, 2019). Data Envelopment Analysis\n(DEA) constructs a piecewise-linear efficient frontier en-\nveloping the data via linear programming (Charnes et al.,\n1978; Coelli et al., 2005). Both approaches have been widely\napplied in transport, energy, health and macroeconomic ap-\nplications (e.g. Oum et al., 1999; Graham, 2008; Simar &\nWilson, 2015) and have become standard tools in regulatory\nbenchmarking (Smith, 2005; Rostamzadeh et al., 2021).\n1\narXiv:2603.16729v1  [cs.LG]  17 Mar 2026']",1978
What is the name of the approach that reinterprets DEA as a convex regression problem and imposes shape constraints via inequalities on regression coefficients?,"['tions in data or model specification.\nRecent work has sought to relax some of the structural\nassumptions in classical frontier analysis. Convex non-\nparametric least squares (CNLS) and related approaches\nreinterpret DEA as a convex regression problem and im-\npose shape constraints via inequalities on regression coef-\nficients (Daraio & Simar, 2006; Kuosmanen & Johnson,\n2010). Stochastic non-convex envelopment and order- m\nfrontiers explore non-convex production sets and robustness\nto extreme points (Simar, 2007; Keshvari & Kuosmanen,\n2013). In parallel, machine learning methods have been\nused to estimate production functions with greater flexibil-\nity, employing kernel methods, tree ensembles and neural\nnetworks (Breiman, 2001; Chen & Guestrin, 2016; Good-\nfellow et al., 2016). Deep learning has also been brought\ninto efficiency analysis, both for predicting outputs and for\nre-evaluating DEA benchmarks (Bose & Patel, 2015; Guer-']",Convex non-parametric least squares (CNLS)
"What is the name of the proposed method that learns a latent technology coordinate and a separate inefficiency factor from data, enabling the representation of the production possibility set as a low-dimensional, non-linear manifold?","['re-evaluating DEA benchmarks (Bose & Patel, 2015; Guer-\nrero et al., 2022; Tsionas et al., 2023). These developments,\nwhilst valuable, typically retain the view of the frontier as a\nfunction in the observed input–output space and do not fully\nexploit the potential of latent variable modelling.\nIn this paper, we take a complementary perspective. Build-\ning on the manifold hypothesis in representation learning\n(Bengio et al., 2013) and ideas from geometric deep learn-\ning (Bronstein et al., 2017; 2021), we model the production\npossibility set as a low-dimensional, non-linear manifold\nembedded in the joint input–output space, and treat the fron-\ntier as the Pareto boundary of the production set induced by\na latent variable model. We introduceGeometric Manifold\nAnalysis(GEMA), implemented by a productivity-manifold\nvariational autoencoder (PROMAN-VAE ), which learns a\nlatent technology coordinate and a separate inefficiency fac-\ntor from data. This construction enables us to represent']",PROMAN-VAE
What is the primary benefit of using a local certification radius derived from the decoder Jacobian in invariant benchmarking for efficiency scores?,"['invariant benchmarking by factoring out joint rescal-\nings of inputs and outputs, and (ii) a local certification\nradius derived from the decoder Jacobian, which pro-\nvides an interpretable indicator of the local robustness\nof efficiency scores.\n• We empirically study GEMA on synthetic data and\nthree complex domains: national rail operators (ORR),\na high-frequency wind farm dataset (WF) and macroe-\nconomic data (PWT), with an additional urban rail case\n(COMET) in the appendix. The experiments show that\nGEMA behaves comparably to classical frontier esti-\nmators when their assumptions are approximately sat-\nisfied, and can offer additional insight in settings with\nnon-convex technologies, unobserved heterogeneity or\nscale-related bias.\nThe remainder of the paper is organised as follows. Sec-\ntion 2 briefly reviews related work in frontier analysis, latent\nvariable models and geometric deep learning. Section 3 in-\ntroduces the GEMA framework and the PROMAN-VAE']",An interpretable indicator of the local robustness of efficiency scores.
What type of error term is specified in Stochastic Frontier Analysis (SFA) to separate statistical noise from a one-sided inefficiency component?,"['troduces the GEMA framework and the PROMAN-VAE\narchitecture. Section 4 presents synthetic experiments and\ncase studies on wind farms, national rail operators and\nmacroeconomic data. Section 5 discusses implications and\nlimitations, and Section 6 concludes. Detailed derivations,\nadditional experiments and data descriptions are provided\nin the appendices.\n2. Related Work\nFrontier and efficiency analysis.Classical efficiency\nanalysis builds on the notion of a production set and its\nefficient frontier (Farrell, 1957). Stochastic Frontier Analy-\nsis (SFA) specifies a parametric production function, often\nCobb–Douglas or Translog, with a composed error term that\nseparates statistical noise from a one-sided inefficiency com-\nponent (Aigner et al., 1977; Meeusen & van Den Broeck,\n1977; Greene, 1993; Sickles & Zelenyuk, 2019). This econo-\nmetric approach supports statistical inference and panel\nextensions, but is sensitive to functional-form misspecifica-']",A composed error term.
"What type of analysis is commonly used in the context of extensions, particularly when dealing with functional-form misspecification and relying on restrictive distributional assumptions?","['extensions, but is sensitive to functional-form misspecifica-\ntion and typically relies on restrictive distributional assump-\ntions. Data Envelopment Analysis (DEA) and related non-\n2']",Data Envelopment Analysis (DEA)
"What is the primary goal of using deep generative models and variational autoencoders (V AEs) in efficiency analysis, particularly in contrast to traditional approaches?","['neural networks (Breiman, 2001; Chen & Guestrin, 2016;\nGoodfellow et al., 2016). Recent work has explored the\nuse of deep learning architectures to model complex pro-\nduction relationships and inefficiency (Bose & Patel, 2015;\nGuerrero et al., 2022; Tsionas et al., 2023). Deep genera-\ntive models and variational autoencoders (V AEs) introduce\nexplicit latent variables to capture low-dimensional struc-\nture underlying high-dimensional observations (Kingma &\nWelling, 2014; Rezende et al., 2014), with disentangled rep-\nresentations aiming to separate latent factors with distinct\nsemantic roles (Bengio et al., 2013; Higgins et al., 2017).\nIn the context of efficiency analysis, most deep learning ap-\nproaches focus on prediction quality or on re-scoring DEA\nbenchmarks, and do not explicitly define a production set\nor frontier in latent space. In contrast, GEMA uses a V AE-\nstyle architecture to define a generative frontier model with']",To define a production set or frontier in latent space.
What is the primary way in which geometric structure enters into Geometric Manifold Analysis (GEMA) through its generative model?,"['and operations research, geometric ideas have begun to ap-\npear in the analysis of efficient frontiers and multi-objective\noptimisation (Chatigny et al., 2024; Felten et al., 2024),\nand there is growing interest in causal representation learn-\ning on learned manifolds (Sch¨olkopf et al., 2021). GEMA\ndraws inspiration from this geometric perspective but uses\nrelatively standard encoder–decoder architectures; the ge-\nometric structure enters through the interpretation of the\nlearned latent space as a productivity manifold and through\nthe quotient and certification constructions that we use for\nbenchmarking and robustness diagnostics.\n3. GeMA: Latent Manifold Frontiers\nWe now formaliseGeometric Manifold Analysis(GEMA)\nand its PROMAN-VAE implementation. We first define\na productivity manifold and the induced production set,\nthen specify a generative model that disentangles latent\ntechnology from inefficiency. We subsequently introduce']",The learned latent space is interpreted as a productivity manifold.
What type of loss function is used to approximate the reconstruction term in the ELBO for the given model?,"['products in each input dimension. In practice, we estimate\npartial derivatives ofgθ with respect to inputs by finite differ-\nences over a grid of reference points and penalise negative\nincrements. Further details on the network architecture and\nregularisation are provided in Appendix B.\nVariational objective and efficiency scores.The model\nis trained by maximising an evidence lower bound (ELBO)\non the log-likelihood of the outputs given the inputs. For a\nsingle observation(x i, yi)the ELBO has the generic form\nLi(θ, ϕ) =E qϕ(zi,ui|xi,yi)\n\x02\nlogp θ(yi |x i, zi, ui)\n\x03\n−KL\n\x00\nqϕ(zi, ui |x i, yi)∥p(z i, ui)\n\x01\n,\nwhere p(zi, ui) =p(z i)p(ui) is the prior and pθ(yi |\nxi, zi, ui) is induced by the log-space structural equation.\nIn our implementation, closed-form expressions are avail-\nable for the Kullback–Leibler terms, and the reconstruction\nterm is approximated by a per-output Huber or squared loss\non log-outputs. Aggregating over the dataset and adding']",Huber or squared loss on log-outputs.
"What is the name of the scalar efficiency measure defined in the context of log-outputs, which scales the frontier output downwards?","['on log-outputs. Aggregating over the dataset and adding\nthe monotonicity penalty yields the overall training objec-\ntive. Derivations and implementation details are given in\nAppendix A.\nUnder this model, the inefficiency variableui provides a nat-\nural scalar efficiency measure: the factor exp(−ui) scales\nthe frontier output downwards, so we define an output-\noriented efficiency index Effi = exp(−u i)∈(0,1] . In\nprinciple, one may also consider distance-based measures\ndefined via the geometry of Tθ, such as the minimal dis-\ntance in output space between yi and the frontier at input\nxi. In this work we primarily use exp(−ui), as it is directly\nlearned by the model and has a simple interpretation as the\nproportion of frontier output.\nThe latent technology vectors zi provide a low-dimensional\nrepresentation of structural heterogeneity. After training, we\nmay project the zi into two or three dimensions using a man-\nifold visualisation method such as UMAP and cluster them']",ui
"What is the condition for two points (x, y) and (x', y') in Tθ to be considered equivalent under the equivalence relation ∼?","['Submission and Formatting Instructions for ICML 2026\n3.3. Quotient manifold for scale-invariant\nbenchmarking\nIn macroeconomic and infrastructure applications, absolute\nsize (for example measured by GDP, population or network\nlength) can strongly influence efficiency scores. Larger\ncountries or systems may appear efficient simply because\nthey operate at a greater scale, even if their underlying\ntechnology is similar to that of smaller units. To address this,\nwe introduce a simple equivalence relation that identifies\nscale-equivalent production points.\nGiven two points(x, y)and(x ′, y′)inT θ, we write\n(x, y)∼(x ′, y′)if∃λ >0such that(x ′, y′) = (λx, λy).\nIntuitively, two configurations are equivalent if they repre-\nsent the same technology up to a common rescaling of all\ninputs and outputs. The set of equivalence classes Mθ/∼\nmay be regarded as a quotient manifold in which absolute\nscale has been factored out.\nIn practice, we approximate this quotient mapping by nor-']","∃λ > 0 such that (x', y') = (λx, λy)."
What does a small certification radius (Rcert(xi)) indicate about the efficiency score of unit i?,"['∥δx∥2 ≤r < R cert(xi). By the Lipschitz property, the\nchange in the frontier output is bounded by\n∥gθ(xi +δx, z i)−g θ(xi, zi)∥2 ≤L θr < σ min(J(x i)).\nThus, within a ball of radius r in input space, the variation\nin frontier output is controlled by a bound that is strictly\nsmaller than the smallest local amplification factor implied\nby the Jacobian. As σmin(J(x i)) decreases towards zero,\nthe certification radius shrinks, signalling that very small\nchanges in inputs may induce large changes in outputs due\nto local geometric irregularities.\nIn our empirical analysis, we use Rcert(xi) as a local robust-\nness indicator for the efficiency score of unit i. High nomi-\nnal efficiency that coincides with a very small certification\nradius can be interpreted as a “fragile” score in the sense that\nit relies on frontier geometry that is locally ill-conditioned.\nSuch cases may warrant closer scrutiny in regulatory or pol-\nicy applications. Practical details of Jacobian computation']","A very small certification radius indicates that the efficiency score is ""fragile"" and relies on locally ill-conditioned frontier geometry."
"What type of machine learning baseline is used in the synthetic experiments, specifically in Scenario A where a smooth but globally non-convex frontier with saturation effects is assumed?","['disposal hull (FDH) estimator, convex nonparametric least\nsquares (CNLS) and a purely predictive machine learning\nbaseline (random forest). Implementation details and hyper-\nparameters are given in Appendix C.\n4.1. Synthetic experiments\nThe synthetic experiments examine three stylised settings\nin which key assumptions commonly imposed in efficiency\nanalysis are selectively violated:\n• Scenario A (non-convex frontier).A smooth but\nglobally non-convex frontier with saturation effects,\n5']",Random Forest.
What type of heterogeneity and scale confounding is most pronounced in the context of frontier-based performance assessments for British train operating companies (TOCs)?,"['structural rather than universal, and are most pronounced\nwhen heterogeneity and scale confounding are present.\n4.2. Robustness of efficiency scores in national rail\n(ORR)\nWe next examine the robustness of frontier-based perfor-\nmance assessments for British train operating companies\n(TOCs), using panel data compiled by the Office of Rail and\nRoad. The aim is not to establish numerical dominance over\nclassical frontier estimators, but to illustrate how GEMA\naugments point assessments with robustness diagnostics that\nare directly relevant for regulatory benchmarking.\nData and setup.The ORR data cover multiple TOCs\nobserved over several years. Inputs include labour, route\nlength, rolling stock and planned capacity; outputs include\npassenger-kilometres and train-kilometres, with additional\nquality indicators used in supplementary analyses. Route\nlength also serves as a scale proxy. We treat each operator–\nyear as one observation, apply log-transformations for nu-']",Heterogeneity and scale confounding.
"What is the estimated P50 percentile for the certification radius distribution, indicating a moderate level of certification radii for most operator-year observations?","['year as one observation, apply log-transformations for nu-\nmerical stability and estimate a PROMAN-VAE model with\na low-dimensional technology space. For comparison, we\nestimate VRS DEA and parametric SFA models using the\nsame inputs and outputs. Further details on variable con-\nstruction and preprocessing are given in Appendix E.\nTable 1.ORR: certification radius percentiles across operator–year\nobservations.\nPERCENTILE P0P25P50P75P95\nRcert 0.105 0.227 0.293 0.340 0.392\nCertification radii and fragile high scores.For each\noperator–year observation, we compute a certification radius\nRcert(xi) as defined in Section 3.4. Figure 2 (left) shows\nthe distribution of certification radii; most observations have\nmoderate radii, suggesting locally well-conditioned frontier\ngeometry for a large share of the sample, but the distri-\nbution exhibits a non-negligible left tail. Table 1 reports\nrepresentative percentiles.\nFigure 2.(Left) Distribution of certification radii Rcert(xi) across']",0.293
What percentile of the certification radius (Rcert(xi)) is used in conjunction with the top decile of the performance score to identify observations that are likely to have fragile rankings due to measurement error or small input perturbations?,"['representative percentiles.\nFigure 2.(Left) Distribution of certification radii Rcert(xi) across\noperator–year observations. A visible left tail indicates cases\nwhere performance assessments rely on locally ill-conditioned\nfrontier geometry. (Right) Model-based score versus certification\nradius. The dashed lines indicate the top decile of the score and\nthe bottom quartile of Rcert, highlighting observations with high\npoint performance but weak robustness guarantees.\nA key use of this diagnostic is to highlight cases where high\npoint scores may be sensitive to noise. Figure 2 (right) plots\nthe GEMA -based performance score against Rcert(xi) and\nmarks a “high-score / low-robustness” region (top decile of\nthe score combined with bottom quartile of Rcert). Obser-\nvations in this region are not necessarily misclassified, but\ntheir rankings are more likely to be fragile with respect to\nmeasurement error or small input perturbations. From a reg-']",The bottom quartile of Rcert.
What type of measurement error or small input perturbation is typically given closer scrutiny from a regulatory perspective?,"['measurement error or small input perturbations. From a reg-\nulatory perspective, such cases warrant closer scrutiny than\nsimilarly high-scoring observations supported by strong ro-\nbustness guarantees.\n6']",Small input perturbations.
What is the primary approach used to adapt the Generalized Extreme Value Model (GEMA) to the wind domain in the provided dataset?,"['spirit.\nData and model.We use a publicly available wind power\ndataset from the State Grid Renewable Energy Generation\nForecasting Competition, covering six wind farms with dif-\nferent turbine models, hub heights and rotor diameters. For\neach farm, we use two years of 15-minute SCADA measure-\nments, including hub-height wind speed, wind direction, air\ntemperature, air pressure, relative humidity and total active\npower output; wind direction is encoded via its sine and co-\nsine. We also incorporate farm-level turbine configuration\nfeatures derived from manufacturer specifications, such as\nswept rotor area, average hub height, average rotor diam-\neter and number of turbines. All continuous variables are\nlog-transformed or standardised as appropriate; details are\nin Appendix E.\nWe adapt GEMA to the wind domain by treating each\n15-minute timestamp as a DMU in a static frontier set-\nting. The model takes as inputs the environmental vari-']",The model treats each 15-minute timestamp as a DMU in a static frontier setting.
What is the effect of including turbine threshold (cut-in/rated speeds) as additional inputs in the learning process on the alignment of the learned frontier with the theoretical plateau?,"['frontier output once local wind conditions are controlled\nfor, indicating broadly similar operational utilisation across\nfarms.\nFigure 3.Wind farms: learned frontiers vs specification-based toy\ncurves for two representative farms (Farm 2 and 5). Scatter points\nshow observed capacity factor versus hub-height wind speed; red\ncurves show the GEMA frontier (normalised by its 95th percentile\nper farm); blue curves show simpletoyturbine curves constructed\nfrom manufacturer cut-in, rated and cut-out speeds. Orange mark-\ners indicate specification-based operating points. (Left) Frontier\nlearned without using the turbine threshold (cut-in/rated speeds)\nas inputs. (Right) Frontier learned with the turbine threshold (cut-\nin/rated speeds) included as additional inputs, yielding a tighter\nalignment with the theoretical plateau and a more pronounced\ndecline near cut-out.\nLearned power curves and comparison to engineering\nmodels.Figure 3 shows, for two representative wind']",The inclusion of turbine threshold (cut-in/rated speeds) as additional inputs yields a tighter alignment with the theoretical plateau.
"In what settings does GEMA (Generalized Efficiency Measurement Approach) perform comparably to classical SFA (Stochastic Frontier Analysis) and convex envelopment methods, but not dominate them?","['the quotient construction can mitigate scale-related biases\nwhile retaining a familiar frontier-based notion of efficiency.\n5. Discussion and Limitations\nOur experiments suggest that GEMA is most informa-\ntive when production technologies are heterogeneous, non-\nconvex or confounded with scale, and when the goal is to\nobtain interpretable and robust benchmarking rather than\nto maximise predictive accuracy alone. In smooth, low-\ndimensional settings closely aligned with parametric speci-\nfications, classical SFA and convex envelopment methods\nperform very well and GEMA behaves comparably but does\nnot dominate.\nSeveral limitations deserve emphasis. First, model com-\nplexity and computational cost are higher than for classical\nfrontier models, as training a deep generative model with\nmonotonicity regularisation and Jacobian-based certifica-\ntion requires GPUs and hyperparameter tuning. Second,\nwhile the latent technology and inefficiency variables have']","When production technologies are smooth, low-dimensional, and closely aligned with parametric specifications."
What type of guarantee is used to assess the robustness of the quotient construction in Geometric Manifold Analysis (GEMA) for scale equivalence?,"['while the latent technology and inefficiency variables have\nclear conceptual roles, the decomposition is not uniquely\nidentifiable in a purely data-driven sense; in practice it is\nregularised by priors, shape constraints and the SFA-style\nstructural equation, and individual latent dimensions should\nnot be over-interpreted. Third, the quotient construction\ntargets a specific notion of scale equivalence and the cer-\ntification radius is a qualitative robustness indicator based\non conservative Lipschitz bounds rather than a formal ad-\nversarial guarantee. These diagnostics should therefore be\ninterpreted in conjunction with domain knowledge and sen-\nsitivity checks.\n6. Conclusion\nWe introduced Geometric Manifold Analysis (GEMA ), a\nlatent manifold frontier framework that combines deep gen-\nerative modelling with classical concepts from efficiency\nanalysis. By modelling the production set as the image\nof a low-dimensional manifold in joint input–output space']",A conservative Lipschitz bound.
What is the primary goal of the GEMA framework in efficiency analysis?,"['of a low-dimensional manifold in joint input–output space\nand augmenting it with a quotient construction and a certi-\nfication radius, GEMA provides tools for representing het-\nerogeneous, non-convex technologies and for assessing the\nlocal robustness of efficiency scores. Synthetic experiments\nand case studies on national rail operators, wind farms and\nmacroeconomic data indicate that GEMA behaves sensibly\nrelative to established frontier estimators and can offer ad-\nditional insight in settings with pronounced heterogeneity,\nnon-convexity or scale bias. Future work includes devel-\noping theoretical guarantees for latent manifold frontiers\nand extending the framework to dynamic “world-model”\nrepresentations of evolving production systems.\nImpact Statement\nThis work proposes a latent-manifold framework for ef-\nficiency analysis that aims to provide fairer and more in-\nterpretable benchmarking of complex systems. In domains\nsuch as rail regulation and macroeconomic policy, the ability']",To provide fairer and more interpretable benchmarking of complex systems.
What is a key consideration when interpreting the results of deep generative models in performance assessments to avoid misleading conclusions?,"['such as rail regulation and macroeconomic policy, the ability\nto distinguish structural heterogeneity from inefficiency and\nto flag fragile high-efficiency scores may help regulators and\npolicymakers avoid misleading performance assessments.\nAt the same time, the use of deep generative models intro-\nduces additional complexity and potential opacity; the latent\nvariables should not be interpreted as causal without fur-\nther analysis, and the robustness diagnostics we propose are\n8']",The latent variables should not be interpreted as causal without further analysis.
What is the name of the framework proposed by Bose and Patel in their 2015 paper that uses neural networks to re-evaluate DEA benchmarks?,"['Submission and Formatting Instructions for ICML 2026\nqualitative rather than formal guarantees. We view GEMA\nas a complementary tool that can support, but not replace,\nexisting domain expertise and established frontier methods.\nReferences\nAigner, D., Lovell, C. K., and Schmidt, P. Formulation\nand estimation of stochastic frontier production function\nmodels.Journal of econometrics, 6(1):21–37, 1977.\nBengio, Y ., Courville, A., and Vincent, P. Representation\nlearning: A review and new perspectives.IEEE transac-\ntions on pattern analysis and machine intelligence, 35(8):\n1798–1828, 2013.\nBose, A. and Patel, G. “neuraldea”–a framework using\nneural network to re-evaluate dea benchmarks.OPSearch,\n52:18–41, 2015.\nBreiman, L. Random forests.Machine learning, 45(1):\n5–32, 2001.\nBronstein, M. M., Bruna, J., LeCun, Y ., Szlam, A., and Van-\ndergheynst, P. Geometric deep learning: going beyond\neuclidean data.IEEE Signal Processing Magazine, 34(4):\n18–42, 2017.']","""neuraldea"""
What is the name of the 2016 conference where Xgboost was first presented?,"['euclidean data.IEEE Signal Processing Magazine, 34(4):\n18–42, 2017.\nBronstein, M. M., Bruna, J., Cohen, T., and Veli ˇckovi´c,\nP. Geometric Deep Learning: Grids, Groups,\nGraphs, Geodesics, and Gauges.arXiv preprint\narXiv:2104.13478, 2021.\nCharnes, A., Cooper, W. W., and Rhodes, E. Measuring the\nefficiency of decision making units.European journal of\noperational research, 2(6):429–444, 1978.\nChatigny, P., Sergienko, I., Ferguson, R., Weir, J., and Berg-\neron, M. Learning the efficient frontier.Advances in\nNeural Information Processing Systems, 36, 2024.\nChen, T. and Guestrin, C. Xgboost: A scalable tree boosting\nsystem. InProceedings of the 22nd acm sigkdd inter-\nnational conference on knowledge discovery and data\nmining, pp. 785–794, 2016.\nChen, Y . and Xu, J. Solar and wind power data from the chi-\nnese state grid renewable energy generation forecasting\ncompetition.Scientific data, 9(1):577, 2022.\nCoelli, T. J., Rao, D. S. P., O’donnell, C. J., and Battese, G. E.']",Proceedings of the 22nd acm sigkdd international conference on knowledge discovery and data mining.
What is the name of the journal where Farrell (1957) published his work on measuring productive efficiency?,"['Coelli, T. J., Rao, D. S. P., O’donnell, C. J., and Battese, G. E.\nAn introduction to efficiency and productivity analysis.\nSpringer Science & Business Media, 2005.\nDaraio, C. and Simar, L. A robust nonparametric approach\nto evaluate and explain the performance of mutual funds.\nEuropean journal of operational research, 175(1):516–\n542, 2006.\nDeprins, D. and Simar, L. Measuring labor efficiency in\npost offices, 1984.\nFarrell, M. J. The measurement of productive efficiency.\nJournal of the royal statistical society: series A (General),\n120(3):253–281, 1957.\nFeenstra, R. C., Inklaar, R., and Timmer, M. P. The next\ngeneration of the penn world table.American economic\nreview, 105(10):3150–3182, 2015.\nFelten, F., Alegre, L. N., Nowe, A., Bazzan, A., Talbi, E. G.,\nDanoy, G., and C da Silva, B. A toolkit for reliable bench-\nmarking and research in multi-objective reinforcement\nlearning.Advances in Neural Information Processing\nSystems, 36, 2024.']",Journal of the royal statistical society: series A (General).